{
	"display": {
		"icon": {
			"item": "minecraft:end_portal_frame"
					},
		"title": "Guardian of the Galaxy",
		"description": ["",{"text":"Kill a guardian in the end.","color":"aqua"}],
		"show_toast": false,
		"announce_to_chat": false
	},
    "parent": "knize1007:fish_drowned",
	"criteria": {
        "requirement": {
          "trigger": "minecraft:player_killed_entity",
          "conditions": {
            "entity": {
              "type": "minecraft:guardian",
              "location": {
                "dimension": "minecraft:the_end"
              }
            }
          }
        }
      },
      "rewards": {
        "function": "knize1007:guardian_galaxy"
      }
}
