{
	"display": {
		"icon": {
			"item": "minecraft:stone_shovel"
		},
		"title": {"text":"Run."},
		"description": {"color":"aqua","translate":"Run."},
		"announce_to_chat": true,
		"frame": "task"
	},
	"parent": "knize1007:firework_revenge",
	"criteria": {
		"snowball": {
			"trigger": "minecraft:player_hurt_entity",
			"conditions": {
				"entity": {
					"type": "ravager",
					"nbt": "{Tags:[\"R5\"]}"
				},
				"damage": {
					"type": {
						"is_projectile": true,
						"direct_entity": {
							"type": "minecraft:snowball"
						}
					}
				}
			}
		}
	},
    "rewards": {
      "function": "knize1007:run"
    }
}