{
    "type": "minecraft:entity",
    "pools": [
      {
        "rolls": 1,
        "bonus_rolls": 0,
        "entries": [
          {
            "type": "minecraft:item",
            "name": "minecraft:saddle",
            "functions": [
              {
                "function": "minecraft:set_count",
                "count": 1,
                "add": false
              }
            ]
          }
        ]
      },
      {
        "rolls": 1,
        "entries": [
          {
            "type": "minecraft:item",
            "name": "minecraft:prismarine_shard",
            "functions": [
              {
                "function": "minecraft:set_nbt",
                "tag": "{Enchantments:[{}],Custom:shatter,display:{Name:'{\"text\":\"Level Shatter Shard\",\"color\":\"aqua\",\"italic\":false}',Lore:['{\"text\":\"Shatters space and time upon contact\",\"color\":\"light_purple\",\"italic\":true}','{\"text\":\"with otherworldly technologies,\",\"color\":\"light_purple\",\"italic\":true}','{\"text\":\"decreasing monster levels by\",\"color\":\"light_purple\",\"italic\":true}','{\"text\":\"a small amount.\",\"color\":\"light_purple\",\"italic\":true}']}}"
              }
            ]
          }
        ]
      }
    ],
    "random_sequence": "minecraft:entities/ravager"
  }
  