{
    "type": "minecraft:entity",
    "pools": [
      {
        "rolls": 1,
        "bonus_rolls": 0,
        "entries": [
          {
            "type": "minecraft:item",
            "name": "minecraft:rotten_flesh",
            "functions": [
              {
                "function": "minecraft:set_count",
                "count": {
                  "type": "minecraft:uniform",
                  "min": 1,
                  "max": 3
                },
                "add": false
              },
              {
                "function": "minecraft:looting_enchant",
                "count": {
                  "type": "minecraft:uniform",
                  "min": 0,
                  "max": 1
                }
              }
            ]
          }
        ]
      },
      {
        "rolls": 1,
        "entries": [
          {
            "type": "minecraft:item",
            "name": "minecraft:prismarine_shard",
            "functions": [
              {
                "function": "minecraft:set_nbt",
                "tag": "{Enchantments:[{}],Custom:shatter,display:{Name:'{\"text\":\"Level Shatter Shard\",\"color\":\"aqua\",\"italic\":false}',Lore:['{\"text\":\"Shatters space and time upon contact\",\"color\":\"light_purple\",\"italic\":true}','{\"text\":\"with otherworldly technologies,\",\"color\":\"light_purple\",\"italic\":true}','{\"text\":\"decreasing monster levels by\",\"color\":\"light_purple\",\"italic\":true}','{\"text\":\"a small amount.\",\"color\":\"light_purple\",\"italic\":true}']}}"
              }
            ]
          }
        ]
      }
    ],
    "random_sequence": "minecraft:entities/zoglin"
  }
  